"stop_id","route","direction","vehicle_num","bus_type","Expected Time of Arrival(ETA)","timestamp","server_time"
"343","218H","HAYAT NAGAR","AP11Z7137","METRO DELUX","04:46:48","1446763296981","2015-11-06 04:11:36"
"345","218H","HAYAT NAGAR","AP11Z7137","METRO DELUX","04:48:48","1446763296987","2015-11-06 04:11:36"
"501","218H","HAYAT NAGAR","AP11Z7137","METRO DELUX","04:50:48","1446763296996","2015-11-06 04:11:36"
"877","218H","HAYAT NAGAR","AP11Z7137","METRO DELUX","04:31:28","1446763298543","2015-11-06 04:11:38"
"1056","218H","HAYAT NAGAR","AP11Z7137","METRO DELUX","04:33:28","1446763298561","2015-11-06 04:11:38"
"873","218H","HAYAT NAGAR","AP11Z7137","METRO DELUX","04:23:28","1446763303066","2015-11-06 04:11:43"
"874","218H","HAYAT NAGAR","AP11Z7137","METRO DELUX","04:25:28","1446763303100","2015-11-06 04:11:43"
"875","218H","HAYAT NAGAR","AP11Z7137","METRO DELUX","04:27:28","1446763303108","2015-11-06 04:11:43"
"876","218H","HAYAT NAGAR","AP11Z7137","METRO DELUX","04:29:28","1446763303110","2015-11-06 04:11:43"
"878","218H","HAYAT NAGAR","AP11Z7137","METRO DELUX","04:35:28","1446763303113","2015-11-06 04:11:43"
"879","218H","HAYAT NAGAR","AP11Z7137","METRO DELUX","04:37:28","1446763303119","2015-11-06 04:11:43"
"880","218H","HAYAT NAGAR","AP11Z7137","METRO DELUX","04:39:28","1446763303146","2015-11-06 04:11:43"
"882","218H","HAYAT NAGAR","AP11Z7137","METRO DELUX","04:43:28","1446763303165","2015-11-06 04:11:43"
"881","218H","HAYAT NAGAR","AP11Z7137","METRO DELUX","04:41:28","1446763303168","2015-11-06 04:11:43"
"843","218H","HAYAT NAGAR","AP11Z7137","METRO DELUX","04:17:13","1446763306294","2015-11-06 04:11:46"
"844","218H","HAYAT NAGAR","AP11Z7137","METRO DELUX","04:19:48","1446763306305","2015-11-06 04:11:46"
"841","218H","HAYAT NAGAR","AP11Z7137","METRO DELUX","04:16:48","1446763307294","2015-11-06 04:11:47"
"862","218H","HAYAT NAGAR","AP11Z7137","METRO DELUX","04:14:34","1446763307298","2015-11-06 04:11:47"
"842","218H","HAYAT NAGAR","AP11Z7137","METRO DELUX","04:15:49","1446763307301","2015-11-06 04:11:47"
"2447","218H","HAYAT NAGAR","AP11Z7137","METRO DELUX","04:12:44","1446763308028","2015-11-06 04:11:48"
"343","218H","HAYAT NAGAR","AP11Z7137","METRO DELUX","04:45:28","1446763316030","2015-11-06 04:11:56"
"345","218H","HAYAT NAGAR","AP11Z7137","METRO DELUX","04:47:28","1446763316055","2015-11-06 04:11:56"
"501","218H","HAYAT NAGAR","AP11Z7137","METRO DELUX","04:49:28","1446763316062","2015-11-06 04:11:56"
"346","218H","HAYAT NAGAR","AP11Z7137","METRO DELUX","04:51:28","1446763316084","2015-11-06 04:11:56"
"1056","218H","HAYAT NAGAR","AP11Z7137","METRO DELUX","04:33:48","1446763317354","2015-11-06 04:11:57"
"877","218H","HAYAT NAGAR","AP11Z7137","METRO DELUX","04:31:48","1446763317359","2015-11-06 04:11:57"
"873","218H","HAYAT NAGAR","AP11Z7137","METRO DELUX","04:23:48","1446763321416","2015-11-06 04:12:01"
"874","218H","HAYAT NAGAR","AP11Z7137","METRO DELUX","04:25:48","1446763321431","2015-11-06 04:12:01"
"875","218H","HAYAT NAGAR","AP11Z7137","METRO DELUX","04:27:48","1446763321442","2015-11-06 04:12:01"
"876","218H","HAYAT NAGAR","AP11Z7137","METRO DELUX","04:29:48","1446763321448","2015-11-06 04:12:01"
"878","218H","HAYAT NAGAR","AP11Z7137","METRO DELUX","04:35:48","1446763321450","2015-11-06 04:12:01"
"879","218H","HAYAT NAGAR","AP11Z7137","METRO DELUX","04:37:48","1446763321465","2015-11-06 04:12:01"
"880","218H","HAYAT NAGAR","AP11Z7137","METRO DELUX","04:39:48","1446763321476","2015-11-06 04:12:01"
"881","218H","HAYAT NAGAR","AP11Z7137","METRO DELUX","04:41:48","1446763321491","2015-11-06 04:12:01"
"882","218H","HAYAT NAGAR","AP11Z7137","METRO DELUX","04:43:48","1446763321499","2015-11-06 04:12:01"
"844","218H","HAYAT NAGAR","AP11Z7137","METRO DELUX","04:20:08","1446763324297","2015-11-06 04:12:04"
"843","218H","HAYAT NAGAR","AP11Z7137","METRO DELUX","04:17:33","1446763324299","2015-11-06 04:12:04"
"862","218H","HAYAT NAGAR","AP11Z7137","METRO DELUX","04:14:54","1446763325215","2015-11-06 04:12:05"
"842","218H","HAYAT NAGAR","AP11Z7137","METRO DELUX","04:16:09","1446763325248","2015-11-06 04:12:05"
"841","218H","HAYAT NAGAR","AP11Z7137","METRO DELUX","04:17:08","1446763325256","2015-11-06 04:12:05"
"2447","218H","HAYAT NAGAR","AP11Z7137","METRO DELUX","04:13:04","1446763325786","2015-11-06 04:12:05"
"343","218H","HAYAT NAGAR","AP11Z7137","METRO DELUX","04:45:58","1446763332456","2015-11-06 04:12:12"
"345","218H","HAYAT NAGAR","AP11Z7137","METRO DELUX","04:47:58","1446763332466","2015-11-06 04:12:12"
"501","218H","HAYAT NAGAR","AP11Z7137","METRO DELUX","04:49:58","1446763332475","2015-11-06 04:12:12"
"346","218H","HAYAT NAGAR","AP11Z7137","METRO DELUX","04:51:58","1446763332477","2015-11-06 04:12:12"
"877","218H","HAYAT NAGAR","AP11Z7137","METRO DELUX","04:31:58","1446763333647","2015-11-06 04:12:13"
"1056","218H","HAYAT NAGAR","AP11Z7137","METRO DELUX","04:33:58","1446763333649","2015-11-06 04:12:13"
"343","218H","HAYAT NAGAR","AP11Z7137","METRO DELUX","04:45:58","1446763336015","2015-11-06 04:12:16"
"346","218H","HAYAT NAGAR","AP11Z7137","METRO DELUX","04:51:58","1446763336034","2015-11-06 04:12:16"
"345","218H","HAYAT NAGAR","AP11Z7137","METRO DELUX","04:47:58","1446763336041","2015-11-06 04:12:16"
"501","218H","HAYAT NAGAR","AP11Z7137","METRO DELUX","04:49:58","1446763336043","2015-11-06 04:12:16"
"877","218H","HAYAT NAGAR","AP11Z7137","METRO DELUX","04:31:58","1446763337277","2015-11-06 04:12:17"
"1056","218H","HAYAT NAGAR","AP11Z7137","METRO DELUX","04:33:58","1446763337288","2015-11-06 04:12:17"
"873","218H","HAYAT NAGAR","AP11Z7137","METRO DELUX","04:24:08","1446763341478","2015-11-06 04:12:21"
"874","218H","HAYAT NAGAR","AP11Z7137","METRO DELUX","04:26:08","1446763341481","2015-11-06 04:12:21"
"875","218H","HAYAT NAGAR","AP11Z7137","METRO DELUX","04:28:08","1446763341484","2015-11-06 04:12:21"
"876","218H","HAYAT NAGAR","AP11Z7137","METRO DELUX","04:30:08","1446763341487","2015-11-06 04:12:21"
"878","218H","HAYAT NAGAR","AP11Z7137","METRO DELUX","04:36:08","1446763341529","2015-11-06 04:12:21"
"879","218H","HAYAT NAGAR","AP11Z7137","METRO DELUX","04:38:08","1446763341532","2015-11-06 04:12:21"
"880","218H","HAYAT NAGAR","AP11Z7137","METRO DELUX","04:40:08","1446763341534","2015-11-06 04:12:21"
"881","218H","HAYAT NAGAR","AP11Z7137","METRO DELUX","04:42:08","1446763341539","2015-11-06 04:12:21"
"882","218H","HAYAT NAGAR","AP11Z7137","METRO DELUX","04:44:08","1446763341544","2015-11-06 04:12:21"
"843","218H","HAYAT NAGAR","AP11Z7137","METRO DELUX","04:17:53","1446763344460","2015-11-06 04:12:24"
"844","218H","HAYAT NAGAR","AP11Z7137","METRO DELUX","04:20:28","1446763344463","2015-11-06 04:12:24"
"862","218H","HAYAT NAGAR","AP11Z7137","METRO DELUX","04:15:14","1446763345428","2015-11-06 04:12:25"
"841","218H","HAYAT NAGAR","AP11Z7137","METRO DELUX","04:17:28","1446763345469","2015-11-06 04:12:25"
"842","218H","HAYAT NAGAR","AP11Z7137","METRO DELUX","04:16:29","1446763345473","2015-11-06 04:12:25"
"2447","218H","HAYAT NAGAR","AP11Z7137","METRO DELUX","04:13:24","1446763346075","2015-11-06 04:12:26"
"343","218H","HAYAT NAGAR","AP11Z7137","METRO DELUX","04:46:08","1446763352871","2015-11-06 04:12:32"
"345","218H","HAYAT NAGAR","AP11Z7137","METRO DELUX","04:48:08","1446763352894","2015-11-06 04:12:32"
"501","218H","HAYAT NAGAR","AP11Z7137","METRO DELUX","04:50:08","1446763352901","2015-11-06 04:12:32"
"346","218H","HAYAT NAGAR","AP11Z7137","METRO DELUX","04:52:08","1446763352916","2015-11-06 04:12:32"
"877","218H","HAYAT NAGAR","AP11Z7137","METRO DELUX","04:32:08","1446763354169","2015-11-06 04:12:34"
"1056","218H","HAYAT NAGAR","AP11Z7137","METRO DELUX","04:34:08","1446763354173","2015-11-06 04:12:34"
"343","218H","HAYAT NAGAR","AP11Z7137","METRO DELUX","04:46:08","1446763356691","2015-11-06 04:12:36"
"345","218H","HAYAT NAGAR","AP11Z7137","METRO DELUX","04:48:08","1446763356866","2015-11-06 04:12:36"
"346","218H","HAYAT NAGAR","AP11Z7137","METRO DELUX","04:52:08","1446763356874","2015-11-06 04:12:36"
"501","218H","HAYAT NAGAR","AP11Z7137","METRO DELUX","04:50:08","1446763356875","2015-11-06 04:12:36"
"877","218H","HAYAT NAGAR","AP11Z7137","METRO DELUX","04:32:08","1446763358264","2015-11-06 04:12:38"
"1056","218H","HAYAT NAGAR","AP11Z7137","METRO DELUX","04:34:08","1446763358281","2015-11-06 04:12:38"
"873","218H","HAYAT NAGAR","AP11Z7137","METRO DELUX","04:24:18","1446763362318","2015-11-06 04:12:42"
"874","218H","HAYAT NAGAR","AP11Z7137","METRO DELUX","04:26:18","1446763362337","2015-11-06 04:12:42"
"875","218H","HAYAT NAGAR","AP11Z7137","METRO DELUX","04:28:18","1446763362340","2015-11-06 04:12:42"
"876","218H","HAYAT NAGAR","AP11Z7137","METRO DELUX","04:30:18","1446763362344","2015-11-06 04:12:42"
"878","218H","HAYAT NAGAR","AP11Z7137","METRO DELUX","04:36:18","1446763362363","2015-11-06 04:12:42"
"879","218H","HAYAT NAGAR","AP11Z7137","METRO DELUX","04:38:18","1446763362365","2015-11-06 04:12:42"
"880","218H","HAYAT NAGAR","AP11Z7137","METRO DELUX","04:40:18","1446763362389","2015-11-06 04:12:42"
"881","218H","HAYAT NAGAR","AP11Z7137","METRO DELUX","04:42:18","1446763362393","2015-11-06 04:12:42"
"882","218H","HAYAT NAGAR","AP11Z7137","METRO DELUX","04:44:18","1446763362395","2015-11-06 04:12:42"
"843","218H","HAYAT NAGAR","AP11Z7137","METRO DELUX","04:18:03","1446763365309","2015-11-06 04:12:45"
"844","218H","HAYAT NAGAR","AP11Z7137","METRO DELUX","04:20:38","1446763365336","2015-11-06 04:12:45"
"862","218H","HAYAT NAGAR","AP11Z7137","METRO DELUX","04:15:24","1446763366325","2015-11-06 04:12:46"
"842","218H","HAYAT NAGAR","AP11Z7137","METRO DELUX","04:16:39","1446763366350","2015-11-06 04:12:46"
"841","218H","HAYAT NAGAR","AP11Z7137","METRO DELUX","04:17:38","1446763366408","2015-11-06 04:12:46"
"2447","218H","HAYAT NAGAR","AP11Z7137","METRO DELUX","04:13:34","1446763366942","2015-11-06 04:12:46"
"343","218H","HAYAT NAGAR","AP11Z7137","METRO DELUX","04:45:28","1446763373723","2015-11-06 04:12:53"
"345","218H","HAYAT NAGAR","AP11Z7137","METRO DELUX","04:47:28","1446763373726","2015-11-06 04:12:53"
"501","218H","HAYAT NAGAR","AP11Z7137","METRO DELUX","04:49:28","1446763373729","2015-11-06 04:12:53"
"346","218H","HAYAT NAGAR","AP11Z7137","METRO DELUX","04:51:28","1446763373734","2015-11-06 04:12:53"
"343","218H","HAYAT NAGAR","AP11Z7137","METRO DELUX","04:45:28","1446763376606","2015-11-06 04:12:56"
"345","218H","HAYAT NAGAR","AP11Z7137","METRO DELUX","04:47:28","1446763376612","2015-11-06 04:12:56"
"501","218H","HAYAT NAGAR","AP11Z7137","METRO DELUX","04:49:28","1446763376631","2015-11-06 04:12:56"
"346","218H","HAYAT NAGAR","AP11Z7137","METRO DELUX","04:51:28","1446763376637","2015-11-06 04:12:56"
"1056","218H","HAYAT NAGAR","AP11Z7137","METRO DELUX","04:33:28","1446763377852","2015-11-06 04:12:57"
"877","218H","HAYAT NAGAR","AP11Z7137","METRO DELUX","04:31:28","1446763377855","2015-11-06 04:12:57"
"814","5K/251","KEYS HIGH SCHOOL","AP29Z1160","LOW FLOOR AC","04:30:57","1446763380518","2015-11-06 04:13:00"
"873","218H","HAYAT NAGAR","AP11Z7137","METRO DELUX","04:23:38","1446763381849","2015-11-06 04:13:01"
"874","218H","HAYAT NAGAR","AP11Z7137","METRO DELUX","04:25:38","1446763381866","2015-11-06 04:13:01"
"875","218H","HAYAT NAGAR","AP11Z7137","METRO DELUX","04:27:38","1446763381870","2015-11-06 04:13:01"
"876","218H","HAYAT NAGAR","AP11Z7137","METRO DELUX","04:29:38","1446763381878","2015-11-06 04:13:01"
"878","218H","HAYAT NAGAR","AP11Z7137","METRO DELUX","04:35:38","1446763381884","2015-11-06 04:13:01"
"879","218H","HAYAT NAGAR","AP11Z7137","METRO DELUX","04:37:38","1446763381895","2015-11-06 04:13:01"
"880","218H","HAYAT NAGAR","AP11Z7137","METRO DELUX","04:39:38","1446763381917","2015-11-06 04:13:01"
"881","218H","HAYAT NAGAR","AP11Z7137","METRO DELUX","04:41:38","1446763381920","2015-11-06 04:13:01"
"882","218H","HAYAT NAGAR","AP11Z7137","METRO DELUX","04:43:38","1446763381926","2015-11-06 04:13:01"
"843","218H","HAYAT NAGAR","AP11Z7137","METRO DELUX","04:17:23","1446763384709","2015-11-06 04:13:04"
"844","218H","HAYAT NAGAR","AP11Z7137","METRO DELUX","04:19:58","1446763384713","2015-11-06 04:13:04"
"862","218H","HAYAT NAGAR","AP11Z7137","METRO DELUX","04:14:44","1446763385699","2015-11-06 04:13:05"
"842","218H","HAYAT NAGAR","AP11Z7137","METRO DELUX","04:15:59","1446763385794","2015-11-06 04:13:05"
"841","218H","HAYAT NAGAR","AP11Z7137","METRO DELUX","04:16:58","1446763385811","2015-11-06 04:13:05"
"343","218H","HAYAT NAGAR","AP11Z7137","METRO DELUX","04:46:08","1446763414348","2015-11-06 04:13:34"
"345","218H","HAYAT NAGAR","AP11Z7137","METRO DELUX","04:48:08","1446763414355","2015-11-06 04:13:34"
"346","218H","HAYAT NAGAR","AP11Z7137","METRO DELUX","04:52:08","1446763414386","2015-11-06 04:13:34"
"501","218H","HAYAT NAGAR","AP11Z7137","METRO DELUX","04:50:08","1446763414388","2015-11-06 04:13:34"
"347","218H","HAYAT NAGAR","AP11Z7137","METRO DELUX","04:54:08","1446763414395","2015-11-06 04:13:34"
"343","218H","HAYAT NAGAR","AP11Z7137","METRO DELUX","04:46:08","1446763416651","2015-11-06 04:13:36"
"345","218H","HAYAT NAGAR","AP11Z7137","METRO DELUX","04:48:08","1446763416658","2015-11-06 04:13:36"
"501","218H","HAYAT NAGAR","AP11Z7137","METRO DELUX","04:50:08","1446763416672","2015-11-06 04:13:36"
"346","218H","HAYAT NAGAR","AP11Z7137","METRO DELUX","04:52:08","1446763416673","2015-11-06 04:13:36"
"347","218H","HAYAT NAGAR","AP11Z7137","METRO DELUX","04:54:08","1446763416677","2015-11-06 04:13:36"
"877","218H","HAYAT NAGAR","AP11Z7137","METRO DELUX","04:32:08","1446763417934","2015-11-06 04:13:37"
"1056","218H","HAYAT NAGAR","AP11Z7137","METRO DELUX","04:34:08","1446763417938","2015-11-06 04:13:37"
"874","218H","HAYAT NAGAR","AP11Z7137","METRO DELUX","04:26:08","1446763421855","2015-11-06 04:13:41"
"873","218H","HAYAT NAGAR","AP11Z7137","METRO DELUX","04:24:08","1446763421859","2015-11-06 04:13:41"
"875","218H","HAYAT NAGAR","AP11Z7137","METRO DELUX","04:28:08","1446763421863","2015-11-06 04:13:41"
"876","218H","HAYAT NAGAR","AP11Z7137","METRO DELUX","04:30:08","1446763421871","2015-11-06 04:13:41"
"878","218H","HAYAT NAGAR","AP11Z7137","METRO DELUX","04:36:08","1446763421880","2015-11-06 04:13:41"
"879","218H","HAYAT NAGAR","AP11Z7137","METRO DELUX","04:38:08","1446763421904","2015-11-06 04:13:41"
"881","218H","HAYAT NAGAR","AP11Z7137","METRO DELUX","04:42:08","1446763421908","2015-11-06 04:13:41"
"880","218H","HAYAT NAGAR","AP11Z7137","METRO DELUX","04:40:08","1446763421912","2015-11-06 04:13:41"
"882","218H","HAYAT NAGAR","AP11Z7137","METRO DELUX","04:44:08","1446763421915","2015-11-06 04:13:41"
"843","218H","HAYAT NAGAR","AP11Z7137","METRO DELUX","04:17:53","1446763424451","2015-11-06 04:13:44"
"844","218H","HAYAT NAGAR","AP11Z7137","METRO DELUX","04:20:28","1446763424458","2015-11-06 04:13:44"
"842","218H","HAYAT NAGAR","AP11Z7137","METRO DELUX","04:16:29","1446763425340","2015-11-06 04:13:45"
"862","218H","HAYAT NAGAR","AP11Z7137","METRO DELUX","04:15:14","1446763425346","2015-11-06 04:13:45"
"841","218H","HAYAT NAGAR","AP11Z7137","METRO DELUX","04:17:28","1446763425353","2015-11-06 04:13:45"
"343","218H","HAYAT NAGAR","AP11Z7137","METRO DELUX","04:46:28","1446763433568","2015-11-06 04:13:53"
"345","218H","HAYAT NAGAR","AP11Z7137","METRO DELUX","04:48:28","1446763433591","2015-11-06 04:13:53"
"501","218H","HAYAT NAGAR","AP11Z7137","METRO DELUX","04:50:28","1446763433596","2015-11-06 04:13:53"
"346","218H","HAYAT NAGAR","AP11Z7137","METRO DELUX","04:52:28","1446763433602","2015-11-06 04:13:53"
"347","218H","HAYAT NAGAR","AP11Z7137","METRO DELUX","04:54:28","1446763433605","2015-11-06 04:13:53"
"501","218H","HAYAT NAGAR","AP11Z7137","METRO DELUX","04:50:28","1446763436443","2015-11-06 04:13:56"
"345","218H","HAYAT NAGAR","AP11Z7137","METRO DELUX","04:48:28","1446763436448","2015-11-06 04:13:56"
"343","218H","HAYAT NAGAR","AP11Z7137","METRO DELUX","04:46:28","1446763436457","2015-11-06 04:13:56"
"346","218H","HAYAT NAGAR","AP11Z7137","METRO DELUX","04:52:28","1446763436483","2015-11-06 04:13:56"
"347","218H","HAYAT NAGAR","AP11Z7137","METRO DELUX","04:54:28","1446763436489","2015-11-06 04:13:56"
"877","218H","HAYAT NAGAR","AP11Z7137","METRO DELUX","04:32:28","1446763437774","2015-11-06 04:13:57"
"1056","218H","HAYAT NAGAR","AP11Z7137","METRO DELUX","04:34:28","1446763437783","2015-11-06 04:13:57"
"875","218H","HAYAT NAGAR","AP11Z7137","METRO DELUX","04:28:38","1446763441891","2015-11-06 04:14:01"
"876","218H","HAYAT NAGAR","AP11Z7137","METRO DELUX","04:30:38","1446763441893","2015-11-06 04:14:01"
"874","218H","HAYAT NAGAR","AP11Z7137","METRO DELUX","04:26:38","1446763441895","2015-11-06 04:14:01"
"873","218H","HAYAT NAGAR","AP11Z7137","METRO DELUX","04:24:38","1446763441897","2015-11-06 04:14:01"
"880","218H","HAYAT NAGAR","AP11Z7137","METRO DELUX","04:40:38","1446763441945","2015-11-06 04:14:01"
"879","218H","HAYAT NAGAR","AP11Z7137","METRO DELUX","04:38:38","1446763441950","2015-11-06 04:14:01"
"878","218H","HAYAT NAGAR","AP11Z7137","METRO DELUX","04:36:38","1446763441955","2015-11-06 04:14:01"
"881","218H","HAYAT NAGAR","AP11Z7137","METRO DELUX","04:42:38","1446763441975","2015-11-06 04:14:01"
"882","218H","HAYAT NAGAR","AP11Z7137","METRO DELUX","04:44:38","1446763441979","2015-11-06 04:14:01"
"843","218H","HAYAT NAGAR","AP11Z7137","METRO DELUX","04:18:23","1446763444907","2015-11-06 04:14:04"
"844","218H","HAYAT NAGAR","AP11Z7137","METRO DELUX","04:20:58","1446763444910","2015-11-06 04:14:04"
"862","218H","HAYAT NAGAR","AP11Z7137","METRO DELUX","04:15:44","1446763445983","2015-11-06 04:14:05"
"842","218H","HAYAT NAGAR","AP11Z7137","METRO DELUX","04:16:59","1446763445995","2015-11-06 04:14:05"
"841","218H","HAYAT NAGAR","AP11Z7137","METRO DELUX","04:17:58","1446763446013","2015-11-06 04:14:06"
"343","218H","HAYAT NAGAR","AP11Z7137","METRO DELUX","04:46:48","1446763453542","2015-11-06 04:14:13"
"345","218H","HAYAT NAGAR","AP11Z7137","METRO DELUX","04:48:48","1446763453544","2015-11-06 04:14:13"
"346","218H","HAYAT NAGAR","AP11Z7137","METRO DELUX","04:52:48","1446763453546","2015-11-06 04:14:13"
"501","218H","HAYAT NAGAR","AP11Z7137","METRO DELUX","04:50:48","1446763453548","2015-11-06 04:14:13"
"347","218H","HAYAT NAGAR","AP11Z7137","METRO DELUX","04:54:48","1446763453564","2015-11-06 04:14:13"
"343","218H","HAYAT NAGAR","AP11Z7137","METRO DELUX","04:46:48","1446763456227","2015-11-06 04:14:16"
"345","218H","HAYAT NAGAR","AP11Z7137","METRO DELUX","04:48:48","1446763456257","2015-11-06 04:14:16"
"501","218H","HAYAT NAGAR","AP11Z7137","METRO DELUX","04:50:48","1446763456266","2015-11-06 04:14:16"
"346","218H","HAYAT NAGAR","AP11Z7137","METRO DELUX","04:52:48","1446763456273","2015-11-06 04:14:16"
"347","218H","HAYAT NAGAR","AP11Z7137","METRO DELUX","04:54:48","1446763456279","2015-11-06 04:14:16"
"877","218H","HAYAT NAGAR","AP11Z7137","METRO DELUX","04:32:48","1446763457404","2015-11-06 04:14:17"
"1056","218H","HAYAT NAGAR","AP11Z7137","METRO DELUX","04:34:48","1446763457414","2015-11-06 04:14:17"
"873","218H","HAYAT NAGAR","AP11Z7137","METRO DELUX","04:23:58","1446763461130","2015-11-06 04:14:21"
"874","218H","HAYAT NAGAR","AP11Z7137","METRO DELUX","04:25:58","1446763461170","2015-11-06 04:14:21"
"875","218H","HAYAT NAGAR","AP11Z7137","METRO DELUX","04:27:58","1446763461176","2015-11-06 04:14:21"
"876","218H","HAYAT NAGAR","AP11Z7137","METRO DELUX","04:29:58","1446763461179","2015-11-06 04:14:21"
"878","218H","HAYAT NAGAR","AP11Z7137","METRO DELUX","04:35:58","1446763461191","2015-11-06 04:14:21"
"879","218H","HAYAT NAGAR","AP11Z7137","METRO DELUX","04:37:58","1446763461194","2015-11-06 04:14:21"
"880","218H","HAYAT NAGAR","AP11Z7137","METRO DELUX","04:39:58","1446763461212","2015-11-06 04:14:21"
"881","218H","HAYAT NAGAR","AP11Z7137","METRO DELUX","04:41:58","1446763461223","2015-11-06 04:14:21"
"882","218H","HAYAT NAGAR","AP11Z7137","METRO DELUX","04:43:58","1446763461227","2015-11-06 04:14:21"
"843","218H","HAYAT NAGAR","AP11Z7137","METRO DELUX","04:17:43","1446763463990","2015-11-06 04:14:23"
"844","218H","HAYAT NAGAR","AP11Z7137","METRO DELUX","04:20:18","1446763463998","2015-11-06 04:14:23"
"842","218H","HAYAT NAGAR","AP11Z7137","METRO DELUX","04:16:19","1446763464978","2015-11-06 04:14:24"
"862","218H","HAYAT NAGAR","AP11Z7137","METRO DELUX","04:15:04","1446763464983","2015-11-06 04:14:24"
"841","218H","HAYAT NAGAR","AP11Z7137","METRO DELUX","04:17:18","1446763464995","2015-11-06 04:14:24"
"343","218H","HAYAT NAGAR","AP11Z7137","METRO DELUX","04:46:08","1446763472076","2015-11-06 04:14:32"
"345","218H","HAYAT NAGAR","AP11Z7137","METRO DELUX","04:48:08","1446763472085","2015-11-06 04:14:32"
"347","218H","HAYAT NAGAR","AP11Z7137","METRO DELUX","04:54:08","1446763472105","2015-11-06 04:14:32"
"346","218H","HAYAT NAGAR","AP11Z7137","METRO DELUX","04:52:08","1446763472110","2015-11-06 04:14:32"
"501","218H","HAYAT NAGAR","AP11Z7137","METRO DELUX","04:50:08","1446763472112","2015-11-06 04:14:32"
"877","218H","HAYAT NAGAR","AP11Z7137","METRO DELUX","04:32:08","1446763473303","2015-11-06 04:14:33"
"1056","218H","HAYAT NAGAR","AP11Z7137","METRO DELUX","04:34:08","1446763473323","2015-11-06 04:14:33"
"343","218H","HAYAT NAGAR","AP11Z7137","METRO DELUX","04:46:08","1446763476236","2015-11-06 04:14:36"
"501","218H","HAYAT NAGAR","AP11Z7137","METRO DELUX","04:50:08","1446763476246","2015-11-06 04:14:36"
"345","218H","HAYAT NAGAR","AP11Z7137","METRO DELUX","04:48:08","1446763476256","2015-11-06 04:14:36"
"346","218H","HAYAT NAGAR","AP11Z7137","METRO DELUX","04:52:08","1446763476287","2015-11-06 04:14:36"
"347","218H","HAYAT NAGAR","AP11Z7137","METRO DELUX","04:54:08","1446763476291","2015-11-06 04:14:36"
"1056","218H","HAYAT NAGAR","AP11Z7137","METRO DELUX","04:34:08","1446763477475","2015-11-06 04:14:37"
"877","218H","HAYAT NAGAR","AP11Z7137","METRO DELUX","04:32:08","1446763477478","2015-11-06 04:14:37"
"873","218H","HAYAT NAGAR","AP11Z7137","METRO DELUX","04:24:18","1446763481302","2015-11-06 04:14:41"
"874","218H","HAYAT NAGAR","AP11Z7137","METRO DELUX","04:26:18","1446763481308","2015-11-06 04:14:41"
"876","218H","HAYAT NAGAR","AP11Z7137","METRO DELUX","04:30:18","1446763481311","2015-11-06 04:14:41"
"875","218H","HAYAT NAGAR","AP11Z7137","METRO DELUX","04:28:18","1446763481314","2015-11-06 04:14:41"
"878","218H","HAYAT NAGAR","AP11Z7137","METRO DELUX","04:36:18","1446763481331","2015-11-06 04:14:41"
"879","218H","HAYAT NAGAR","AP11Z7137","METRO DELUX","04:38:18","1446763481354","2015-11-06 04:14:41"
"881","218H","HAYAT NAGAR","AP11Z7137","METRO DELUX","04:42:18","1446763481357","2015-11-06 04:14:41"
"880","218H","HAYAT NAGAR","AP11Z7137","METRO DELUX","04:40:18","1446763481360","2015-11-06 04:14:41"
"882","218H","HAYAT NAGAR","AP11Z7137","METRO DELUX","04:44:18","1446763481368","2015-11-06 04:14:41"
"843","218H","HAYAT NAGAR","AP11Z7137","METRO DELUX","04:18:03","1446763484113","2015-11-06 04:14:44"
"844","218H","HAYAT NAGAR","AP11Z7137","METRO DELUX","04:20:38","1446763484129","2015-11-06 04:14:44"
"842","218H","HAYAT NAGAR","AP11Z7137","METRO DELUX","04:16:39","1446763485041","2015-11-06 04:14:45"
"841","218H","HAYAT NAGAR","AP11Z7137","METRO DELUX","04:17:38","1446763485045","2015-11-06 04:14:45"
"862","218H","HAYAT NAGAR","AP11Z7137","METRO DELUX","04:15:24","1446763485051","2015-11-06 04:14:45"
"343","218H","HAYAT NAGAR","AP11Z7137","METRO DELUX","04:46:28","1446763492291","2015-11-06 04:14:52"
"345","218H","HAYAT NAGAR","AP11Z7137","METRO DELUX","04:48:28","1446763492296","2015-11-06 04:14:52"
"501","218H","HAYAT NAGAR","AP11Z7137","METRO DELUX","04:50:28","1446763492304","2015-11-06 04:14:52"
"346","218H","HAYAT NAGAR","AP11Z7137","METRO DELUX","04:52:28","1446763492335","2015-11-06 04:14:52"
"347","218H","HAYAT NAGAR","AP11Z7137","METRO DELUX","04:54:28","1446763492352","2015-11-06 04:14:52"
"1056","218H","HAYAT NAGAR","AP11Z7137","METRO DELUX","04:34:28","1446763493600","2015-11-06 04:14:53"
"877","218H","HAYAT NAGAR","AP11Z7137","METRO DELUX","04:32:28","1446763493605","2015-11-06 04:14:53"
"343","218H","HAYAT NAGAR","AP11Z7137","METRO DELUX","04:46:28","1446763497244","2015-11-06 04:14:57"
"345","218H","HAYAT NAGAR","AP11Z7137","METRO DELUX","04:48:28","1446763497257","2015-11-06 04:14:57"
"501","218H","HAYAT NAGAR","AP11Z7137","METRO DELUX","04:50:28","1446763497270","2015-11-06 04:14:57"
"346","218H","HAYAT NAGAR","AP11Z7137","METRO DELUX","04:52:28","1446763497276","2015-11-06 04:14:57"
"347","218H","HAYAT NAGAR","AP11Z7137","METRO DELUX","04:54:28","1446763497286","2015-11-06 04:14:57"
"1056","218H","HAYAT NAGAR","AP11Z7137","METRO DELUX","04:34:38","1446763498478","2015-11-06 04:14:58"
"877","218H","HAYAT NAGAR","AP11Z7137","METRO DELUX","04:32:38","1446763498483","2015-11-06 04:14:58"
"873","218H","HAYAT NAGAR","AP11Z7137","METRO DELUX","04:24:38","1446763502338","2015-11-06 04:15:02"
"874","218H","HAYAT NAGAR","AP11Z7137","METRO DELUX","04:26:38","1446763502341","2015-11-06 04:15:02"
"875","218H","HAYAT NAGAR","AP11Z7137","METRO DELUX","04:28:38","1446763502344","2015-11-06 04:15:02"
"876","218H","HAYAT NAGAR","AP11Z7137","METRO DELUX","04:30:38","1446763502347","2015-11-06 04:15:02"
"878","218H","HAYAT NAGAR","AP11Z7137","METRO DELUX","04:36:38","1446763502349","2015-11-06 04:15:02"
"879","218H","HAYAT NAGAR","AP11Z7137","METRO DELUX","04:38:38","1446763502386","2015-11-06 04:15:02"
"881","218H","HAYAT NAGAR","AP11Z7137","METRO DELUX","04:42:38","1446763502392","2015-11-06 04:15:02"
"882","218H","HAYAT NAGAR","AP11Z7137","METRO DELUX","04:44:38","1446763502395","2015-11-06 04:15:02"
"880","218H","HAYAT NAGAR","AP11Z7137","METRO DELUX","04:40:38","1446763502397","2015-11-06 04:15:02"
"843","218H","HAYAT NAGAR","AP11Z7137","METRO DELUX","04:18:23","1446763505048","2015-11-06 04:15:05"
"844","218H","HAYAT NAGAR","AP11Z7137","METRO DELUX","04:20:58","1446763505065","2015-11-06 04:15:05"
"842","218H","HAYAT NAGAR","AP11Z7137","METRO DELUX","04:16:59","1446763505945","2015-11-06 04:15:05"
"862","218H","HAYAT NAGAR","AP11Z7137","METRO DELUX","04:15:44","1446763505951","2015-11-06 04:15:05"
"841","218H","HAYAT NAGAR","AP11Z7137","METRO DELUX","04:17:58","1446763505955","2015-11-06 04:15:05"
"343","218H","HAYAT NAGAR","AP11Z7137","METRO DELUX","04:46:48","1446763513220","2015-11-06 04:15:13"
"345","218H","HAYAT NAGAR","AP11Z7137","METRO DELUX","04:48:48","1446763513236","2015-11-06 04:15:13"
"501","218H","HAYAT NAGAR","AP11Z7137","METRO DELUX","04:50:48","1446763513241","2015-11-06 04:15:13"
"346","218H","HAYAT NAGAR","AP11Z7137","METRO DELUX","04:52:48","1446763513253","2015-11-06 04:15:13"
"347","218H","HAYAT NAGAR","AP11Z7137","METRO DELUX","04:54:48","1446763513255","2015-11-06 04:15:13"
"877","218H","HAYAT NAGAR","AP11Z7137","METRO DELUX","04:32:48","1446763514426","2015-11-06 04:15:14"
"1056","218H","HAYAT NAGAR","AP11Z7137","METRO DELUX","04:34:48","1446763514428","2015-11-06 04:15:14"
"343","218H","HAYAT NAGAR","AP11Z7137","METRO DELUX","04:46:48","1446763516421","2015-11-06 04:15:16"
"345","218H","HAYAT NAGAR","AP11Z7137","METRO DELUX","04:48:48","1446763516426","2015-11-06 04:15:16"
"501","218H","HAYAT NAGAR","AP11Z7137","METRO DELUX","04:50:48","1446763516451","2015-11-06 04:15:16"
"347","218H","HAYAT NAGAR","AP11Z7137","METRO DELUX","04:54:48","1446763516453","2015-11-06 04:15:16"
"346","218H","HAYAT NAGAR","AP11Z7137","METRO DELUX","04:52:48","1446763516457","2015-11-06 04:15:16"
"877","218H","HAYAT NAGAR","AP11Z7137","METRO DELUX","04:32:08","1446763517725","2015-11-06 04:15:17"
"1056","218H","HAYAT NAGAR","AP11Z7137","METRO DELUX","04:34:08","1446763517727","2015-11-06 04:15:17"
"873","218H","HAYAT NAGAR","AP11Z7137","METRO DELUX","04:24:08","1446763521596","2015-11-06 04:15:21"
"874","218H","HAYAT NAGAR","AP11Z7137","METRO DELUX","04:26:08","1446763521611","2015-11-06 04:15:21"
"875","218H","HAYAT NAGAR","AP11Z7137","METRO DELUX","04:28:08","1446763521616","2015-11-06 04:15:21"
"876","218H","HAYAT NAGAR","AP11Z7137","METRO DELUX","04:30:08","1446763521621","2015-11-06 04:15:21"
"878","218H","HAYAT NAGAR","AP11Z7137","METRO DELUX","04:36:08","1446763521636","2015-11-06 04:15:21"
"879","218H","HAYAT NAGAR","AP11Z7137","METRO DELUX","04:38:08","1446763521642","2015-11-06 04:15:21"
"880","218H","HAYAT NAGAR","AP11Z7137","METRO DELUX","04:40:08","1446763521659","2015-11-06 04:15:21"
"881","218H","HAYAT NAGAR","AP11Z7137","METRO DELUX","04:42:08","1446763521666","2015-11-06 04:15:21"
"882","218H","HAYAT NAGAR","AP11Z7137","METRO DELUX","04:44:08","1446763521670","2015-11-06 04:15:21"
"843","218H","HAYAT NAGAR","AP11Z7137","METRO DELUX","04:17:53","1446763524562","2015-11-06 04:15:24"
"844","218H","HAYAT NAGAR","AP11Z7137","METRO DELUX","04:20:28","1446763524568","2015-11-06 04:15:24"
"842","218H","HAYAT NAGAR","AP11Z7137","METRO DELUX","04:16:29","1446763525465","2015-11-06 04:15:25"
"841","218H","HAYAT NAGAR","AP11Z7137","METRO DELUX","04:17:28","1446763525479","2015-11-06 04:15:25"
"343","218H","HAYAT NAGAR","AP11Z7137","METRO DELUX","04:46:08","1446763532647","2015-11-06 04:15:32"
"345","218H","HAYAT NAGAR","AP11Z7137","METRO DELUX","04:48:08","1446763532649","2015-11-06 04:15:32"
"501","218H","HAYAT NAGAR","AP11Z7137","METRO DELUX","04:50:08","1446763532652","2015-11-06 04:15:32"
"346","218H","HAYAT NAGAR","AP11Z7137","METRO DELUX","04:52:08","1446763532659","2015-11-06 04:15:32"
"347","218H","HAYAT NAGAR","AP11Z7137","METRO DELUX","04:54:08","1446763532695","2015-11-06 04:15:32"
"469","218H","HAYAT NAGAR","AP11Z7137","METRO DELUX","04:56:08","1446763532750","2015-11-06 04:15:32"
"877","218H","HAYAT NAGAR","AP11Z7137","METRO DELUX","04:32:08","1446763533839","2015-11-06 04:15:33"
"1056","218H","HAYAT NAGAR","AP11Z7137","METRO DELUX","04:34:08","1446763533841","2015-11-06 04:15:33"
"343","218H","HAYAT NAGAR","AP11Z7137","METRO DELUX","04:46:08","1446763536246","2015-11-06 04:15:36"
"345","218H","HAYAT NAGAR","AP11Z7137","METRO DELUX","04:48:08","1446763536250","2015-11-06 04:15:36"
"501","218H","HAYAT NAGAR","AP11Z7137","METRO DELUX","04:50:08","1446763536271","2015-11-06 04:15:36"
"346","218H","HAYAT NAGAR","AP11Z7137","METRO DELUX","04:52:08","1446763536274","2015-11-06 04:15:36"
"347","218H","HAYAT NAGAR","AP11Z7137","METRO DELUX","04:54:08","1446763536287","2015-11-06 04:15:36"
"469","218H","HAYAT NAGAR","AP11Z7137","METRO DELUX","04:56:08","1446763536338","2015-11-06 04:15:36"
"877","218H","HAYAT NAGAR","AP11Z7137","METRO DELUX","04:32:08","1446763537405","2015-11-06 04:15:37"
"1056","218H","HAYAT NAGAR","AP11Z7137","METRO DELUX","04:34:08","1446763537420","2015-11-06 04:15:37"
"873","218H","HAYAT NAGAR","AP11Z7137","METRO DELUX","04:24:28","1446763541103","2015-11-06 04:15:41"
"875","218H","HAYAT NAGAR","AP11Z7137","METRO DELUX","04:28:28","1446763541106","2015-11-06 04:15:41"
"874","218H","HAYAT NAGAR","AP11Z7137","METRO DELUX","04:26:28","1446763541114","2015-11-06 04:15:41"
"878","218H","HAYAT NAGAR","AP11Z7137","METRO DELUX","04:36:28","1446763541148","2015-11-06 04:15:41"
"879","218H","HAYAT NAGAR","AP11Z7137","METRO DELUX","04:38:28","1446763541151","2015-11-06 04:15:41"
"876","218H","HAYAT NAGAR","AP11Z7137","METRO DELUX","04:30:28","1446763541154","2015-11-06 04:15:41"
"880","218H","HAYAT NAGAR","AP11Z7137","METRO DELUX","04:40:28","1446763541159","2015-11-06 04:15:41"
"881","218H","HAYAT NAGAR","AP11Z7137","METRO DELUX","04:42:28","1446763541169","2015-11-06 04:15:41"
"882","218H","HAYAT NAGAR","AP11Z7137","METRO DELUX","04:44:28","1446763541188","2015-11-06 04:15:41"
"843","218H","HAYAT NAGAR","AP11Z7137","METRO DELUX","04:18:13","1446763543868","2015-11-06 04:15:43"
"844","218H","HAYAT NAGAR","AP11Z7137","METRO DELUX","04:20:48","1446763543882","2015-11-06 04:15:43"
"841","218H","HAYAT NAGAR","AP11Z7137","METRO DELUX","04:17:48","1446763544851","2015-11-06 04:15:44"
"842","218H","HAYAT NAGAR","AP11Z7137","METRO DELUX","04:16:49","1446763544853","2015-11-06 04:15:44"
"343","218H","HAYAT NAGAR","AP11Z7137","METRO DELUX","04:46:38","1446763552241","2015-11-06 04:15:52"
"345","218H","HAYAT NAGAR","AP11Z7137","METRO DELUX","04:48:38","1446763552262","2015-11-06 04:15:52"
"346","218H","HAYAT NAGAR","AP11Z7137","METRO DELUX","04:52:38","1446763552281","2015-11-06 04:15:52"
"501","218H","HAYAT NAGAR","AP11Z7137","METRO DELUX","04:50:38","1446763552285","2015-11-06 04:15:52"
"347","218H","HAYAT NAGAR","AP11Z7137","METRO DELUX","04:54:38","1446763552288","2015-11-06 04:15:52"
"469","218H","HAYAT NAGAR","AP11Z7137","METRO DELUX","04:56:38","1446763552339","2015-11-06 04:15:52"
"1056","218H","HAYAT NAGAR","AP11Z7137","METRO DELUX","04:34:38","1446763553588","2015-11-06 04:15:53"
"877","218H","HAYAT NAGAR","AP11Z7137","METRO DELUX","04:32:38","1446763553592","2015-11-06 04:15:53"
"343","218H","HAYAT NAGAR","AP11Z7137","METRO DELUX","04:46:38","1446763556414","2015-11-06 04:15:56"
"345","218H","HAYAT NAGAR","AP11Z7137","METRO DELUX","04:48:38","1446763556438","2015-11-06 04:15:56"
"501","218H","HAYAT NAGAR","AP11Z7137","METRO DELUX","04:50:38","1446763556444","2015-11-06 04:15:56"
"347","218H","HAYAT NAGAR","AP11Z7137","METRO DELUX","04:54:38","1446763556462","2015-11-06 04:15:56"
"346","218H","HAYAT NAGAR","AP11Z7137","METRO DELUX","04:52:38","1446763556472","2015-11-06 04:15:56"
"469","218H","HAYAT NAGAR","AP11Z7137","METRO DELUX","04:56:38","1446763556521","2015-11-06 04:15:56"
"877","218H","HAYAT NAGAR","AP11Z7137","METRO DELUX","04:32:38","1446763557771","2015-11-06 04:15:57"
"1056","218H","HAYAT NAGAR","AP11Z7137","METRO DELUX","04:34:38","1446763557774","2015-11-06 04:15:57"
"873","218H","HAYAT NAGAR","AP11Z7137","METRO DELUX","04:24:33","1446763561720","2015-11-06 04:16:01"
"874","218H","HAYAT NAGAR","AP11Z7137","METRO DELUX","04:26:33","1446763561731","2015-11-06 04:16:01"
"876","218H","HAYAT NAGAR","AP11Z7137","METRO DELUX","04:30:33","1446763561744","2015-11-06 04:16:01"
"875","218H","HAYAT NAGAR","AP11Z7137","METRO DELUX","04:28:33","1446763561748","2015-11-06 04:16:01"
"878","218H","HAYAT NAGAR","AP11Z7137","METRO DELUX","04:36:33","1446763561805","2015-11-06 04:16:01"
"879","218H","HAYAT NAGAR","AP11Z7137","METRO DELUX","04:38:33","1446763561822","2015-11-06 04:16:01"
"880","218H","HAYAT NAGAR","AP11Z7137","METRO DELUX","04:40:33","1446763561824","2015-11-06 04:16:01"
"881","218H","HAYAT NAGAR","AP11Z7137","METRO DELUX","04:42:33","1446763561827","2015-11-06 04:16:01"
"882","218H","HAYAT NAGAR","AP11Z7137","METRO DELUX","04:44:33","1446763561889","2015-11-06 04:16:01"
"843","218H","HAYAT NAGAR","AP11Z7137","METRO DELUX","04:18:18","1446763568061","2015-11-06 04:16:08"
"844","218H","HAYAT NAGAR","AP11Z7137","METRO DELUX","04:20:53","1446763568082","2015-11-06 04:16:08"
"842","218H","HAYAT NAGAR","AP11Z7137","METRO DELUX","04:16:54","1446763569036","2015-11-06 04:16:09"
"841","218H","HAYAT NAGAR","AP11Z7137","METRO DELUX","04:17:53","1446763569039","2015-11-06 04:16:09"
"345","218H","HAYAT NAGAR","AP11Z7137","METRO DELUX","04:48:53","1446763576502","2015-11-06 04:16:16"
"343","218H","HAYAT NAGAR","AP11Z7137","METRO DELUX","04:46:53","1446763576507","2015-11-06 04:16:16"
"346","218H","HAYAT NAGAR","AP11Z7137","METRO DELUX","04:52:53","1446763576514","2015-11-06 04:16:16"
"501","218H","HAYAT NAGAR","AP11Z7137","METRO DELUX","04:50:53","1446763576516","2015-11-06 04:16:16"
"347","218H","HAYAT NAGAR","AP11Z7137","METRO DELUX","04:54:53","1446763576558","2015-11-06 04:16:16"
"469","218H","HAYAT NAGAR","AP11Z7137","METRO DELUX","04:56:53","1446763576632","2015-11-06 04:16:16"
"877","218H","HAYAT NAGAR","AP11Z7137","METRO DELUX","04:32:53","1446763577832","2015-11-06 04:16:17"
"1056","218H","HAYAT NAGAR","AP11Z7137","METRO DELUX","04:34:53","1446763577837","2015-11-06 04:16:17"
"873","218H","HAYAT NAGAR","AP11Z7137","METRO DELUX","04:24:53","1446763581781","2015-11-06 04:16:21"
"874","218H","HAYAT NAGAR","AP11Z7137","METRO DELUX","04:26:53","1446763581794","2015-11-06 04:16:21"
"875","218H","HAYAT NAGAR","AP11Z7137","METRO DELUX","04:28:53","1446763581813","2015-11-06 04:16:21"
"876","218H","HAYAT NAGAR","AP11Z7137","METRO DELUX","04:30:53","1446763581821","2015-11-06 04:16:21"
"878","218H","HAYAT NAGAR","AP11Z7137","METRO DELUX","04:36:53","1446763581825","2015-11-06 04:16:21"
"879","218H","HAYAT NAGAR","AP11Z7137","METRO DELUX","04:38:53","1446763581829","2015-11-06 04:16:21"
"880","218H","HAYAT NAGAR","AP11Z7137","METRO DELUX","04:40:53","1446763581844","2015-11-06 04:16:21"
"882","218H","HAYAT NAGAR","AP11Z7137","METRO DELUX","04:44:53","1446763581870","2015-11-06 04:16:21"
"881","218H","HAYAT NAGAR","AP11Z7137","METRO DELUX","04:42:53","1446763581872","2015-11-06 04:16:21"
"843","218H","HAYAT NAGAR","AP11Z7137","METRO DELUX","04:18:38","1446763584764","2015-11-06 04:16:24"
"844","218H","HAYAT NAGAR","AP11Z7137","METRO DELUX","04:21:13","1446763584775","2015-11-06 04:16:24"
"842","218H","HAYAT NAGAR","AP11Z7137","METRO DELUX","04:17:14","1446763585647","2015-11-06 04:16:25"
"841","218H","HAYAT NAGAR","AP11Z7137","METRO DELUX","04:18:13","1446763585668","2015-11-06 04:16:25"
"343","218H","HAYAT NAGAR","AP11Z7137","METRO DELUX","04:47:03","1446763593151","2015-11-06 04:16:33"
"501","218H","HAYAT NAGAR","AP11Z7137","METRO DELUX","04:51:03","1446763593157","2015-11-06 04:16:33"
"345","218H","HAYAT NAGAR","AP11Z7137","METRO DELUX","04:49:03","1446763593161","2015-11-06 04:16:33"
"346","218H","HAYAT NAGAR","AP11Z7137","METRO DELUX","04:53:03","1446763593164","2015-11-06 04:16:33"
"347","218H","HAYAT NAGAR","AP11Z7137","METRO DELUX","04:55:03","1446763593178","2015-11-06 04:16:33"
"469","218H","HAYAT NAGAR","AP11Z7137","METRO DELUX","04:57:03","1446763593226","2015-11-06 04:16:33"
"877","218H","HAYAT NAGAR","AP11Z7137","METRO DELUX","04:33:03","1446763594495","2015-11-06 04:16:34"
"1056","218H","HAYAT NAGAR","AP11Z7137","METRO DELUX","04:35:03","1446763594497","2015-11-06 04:16:34"
"343","218H","HAYAT NAGAR","AP11Z7137","METRO DELUX","04:47:03","1446763596737","2015-11-06 04:16:36"
"345","218H","HAYAT NAGAR","AP11Z7137","METRO DELUX","04:49:03","1446763596745","2015-11-06 04:16:36"
"501","218H","HAYAT NAGAR","AP11Z7137","METRO DELUX","04:51:03","1446763596753","2015-11-06 04:16:36"
"346","218H","HAYAT NAGAR","AP11Z7137","METRO DELUX","04:53:03","1446763596784","2015-11-06 04:16:36"
"347","218H","HAYAT NAGAR","AP11Z7137","METRO DELUX","04:55:03","1446763596787","2015-11-06 04:16:36"
"469","218H","HAYAT NAGAR","AP11Z7137","METRO DELUX","04:57:03","1446763596844","2015-11-06 04:16:36"
"877","218H","HAYAT NAGAR","AP11Z7137","METRO DELUX","04:32:13","1446763598148","2015-11-06 04:16:38"
"1056","218H","HAYAT NAGAR","AP11Z7137","METRO DELUX","04:34:13","1446763598187","2015-11-06 04:16:38"
"874","218H","HAYAT NAGAR","AP11Z7137","METRO DELUX","04:26:13","1446763602825","2015-11-06 04:16:42"
"873","218H","HAYAT NAGAR","AP11Z7137","METRO DELUX","04:24:13","1446763602828","2015-11-06 04:16:42"
"875","218H","HAYAT NAGAR","AP11Z7137","METRO DELUX","04:28:13","1446763602830","2015-11-06 04:16:42"
"876","218H","HAYAT NAGAR","AP11Z7137","METRO DELUX","04:30:13","1446763602850","2015-11-06 04:16:42"
"880","218H","HAYAT NAGAR","AP11Z7137","METRO DELUX","04:40:13","1446763602951","2015-11-06 04:16:42"
"879","218H","HAYAT NAGAR","AP11Z7137","METRO DELUX","04:38:13","1446763602957","2015-11-06 04:16:42"
"878","218H","HAYAT NAGAR","AP11Z7137","METRO DELUX","04:36:13","1446763602968","2015-11-06 04:16:42"
"881","218H","HAYAT NAGAR","AP11Z7137","METRO DELUX","04:42:13","1446763602970","2015-11-06 04:16:42"
"882","218H","HAYAT NAGAR","AP11Z7137","METRO DELUX","04:44:13","1446763602976","2015-11-06 04:16:42"
"844","218H","HAYAT NAGAR","AP11Z7137","METRO DELUX","04:20:33","1446763606864","2015-11-06 04:16:46"
"843","218H","HAYAT NAGAR","AP11Z7137","METRO DELUX","04:17:58","1446763606866","2015-11-06 04:16:46"
"841","218H","HAYAT NAGAR","AP11Z7137","METRO DELUX","04:17:33","1446763607839","2015-11-06 04:16:47"
"345","218H","HAYAT NAGAR","AP11Z7137","METRO DELUX","04:48:23","1446763616488","2015-11-06 04:16:56"
"343","218H","HAYAT NAGAR","AP11Z7137","METRO DELUX","04:46:23","1446763616492","2015-11-06 04:16:56"
"346","218H","HAYAT NAGAR","AP11Z7137","METRO DELUX","04:52:23","1446763616513","2015-11-06 04:16:56"
"501","218H","HAYAT NAGAR","AP11Z7137","METRO DELUX","04:50:23","1446763616515","2015-11-06 04:16:56"
"347","218H","HAYAT NAGAR","AP11Z7137","METRO DELUX","04:54:23","1446763616526","2015-11-06 04:16:56"
"469","218H","HAYAT NAGAR","AP11Z7137","METRO DELUX","04:56:23","1446763616573","2015-11-06 04:16:56"
"470","218H","HAYAT NAGAR","AP11Z7137","METRO DELUX","04:58:23","1446763616577","2015-11-06 04:16:56"
"1056","218H","HAYAT NAGAR","AP11Z7137","METRO DELUX","04:34:34","1446763617715","2015-11-06 04:16:57"
"877","218H","HAYAT NAGAR","AP11Z7137","METRO DELUX","04:32:34","1446763617718","2015-11-06 04:16:57"
"873","218H","HAYAT NAGAR","AP11Z7137","METRO DELUX","04:24:34","1446763621671","2015-11-06 04:17:01"
"874","218H","HAYAT NAGAR","AP11Z7137","METRO DELUX","04:26:34","1446763621684","2015-11-06 04:17:01"
"875","218H","HAYAT NAGAR","AP11Z7137","METRO DELUX","04:28:34","1446763621701","2015-11-06 04:17:01"
"876","218H","HAYAT NAGAR","AP11Z7137","METRO DELUX","04:30:34","1446763621704","2015-11-06 04:17:01"
"879","218H","HAYAT NAGAR","AP11Z7137","METRO DELUX","04:38:34","1446763621756","2015-11-06 04:17:01"
"878","218H","HAYAT NAGAR","AP11Z7137","METRO DELUX","04:36:34","1446763621759","2015-11-06 04:17:01"
"881","218H","HAYAT NAGAR","AP11Z7137","METRO DELUX","04:42:34","1446763621762","2015-11-06 04:17:01"
"880","218H","HAYAT NAGAR","AP11Z7137","METRO DELUX","04:40:34","1446763621764","2015-11-06 04:17:01"
"882","218H","HAYAT NAGAR","AP11Z7137","METRO DELUX","04:44:34","1446763621768","2015-11-06 04:17:01"
"843","218H","HAYAT NAGAR","AP11Z7137","METRO DELUX","04:18:19","1446763624688","2015-11-06 04:17:04"
"844","218H","HAYAT NAGAR","AP11Z7137","METRO DELUX","04:20:54","1446763624697","2015-11-06 04:17:04"
"841","218H","HAYAT NAGAR","AP11Z7137","METRO DELUX","04:17:54","1446763625602","2015-11-06 04:17:05"
"345","218H","HAYAT NAGAR","AP11Z7137","METRO DELUX","04:48:34","1446763632806","2015-11-06 04:17:12"
"343","218H","HAYAT NAGAR","AP11Z7137","METRO DELUX","04:46:34","1446763632810","2015-11-06 04:17:12"
"501","218H","HAYAT NAGAR","AP11Z7137","METRO DELUX","04:50:34","1446763632822","2015-11-06 04:17:12"
"346","218H","HAYAT NAGAR","AP11Z7137","METRO DELUX","04:52:34","1446763632843","2015-11-06 04:17:12"
"347","218H","HAYAT NAGAR","AP11Z7137","METRO DELUX","04:54:34","1446763632863","2015-11-06 04:17:12"
"469","218H","HAYAT NAGAR","AP11Z7137","METRO DELUX","04:56:34","1446763632893","2015-11-06 04:17:12"
"470","218H","HAYAT NAGAR","AP11Z7137","METRO DELUX","04:58:34","1446763632911","2015-11-06 04:17:12"
"1056","218H","HAYAT NAGAR","AP11Z7137","METRO DELUX","04:34:34","1446763634794","2015-11-06 04:17:14"
"877","218H","HAYAT NAGAR","AP11Z7137","METRO DELUX","04:32:34","1446763634802","2015-11-06 04:17:14"
"343","218H","HAYAT NAGAR","AP11Z7137","METRO DELUX","04:46:44","1446763637576","2015-11-06 04:17:17"
"501","218H","HAYAT NAGAR","AP11Z7137","METRO DELUX","04:50:44","1446763637592","2015-11-06 04:17:17"
"346","218H","HAYAT NAGAR","AP11Z7137","METRO DELUX","04:52:44","1446763637600","2015-11-06 04:17:17"
"345","218H","HAYAT NAGAR","AP11Z7137","METRO DELUX","04:48:44","1446763637602","2015-11-06 04:17:17"
"347","218H","HAYAT NAGAR","AP11Z7137","METRO DELUX","04:54:44","1446763637615","2015-11-06 04:17:17"
"469","218H","HAYAT NAGAR","AP11Z7137","METRO DELUX","04:56:44","1446763637679","2015-11-06 04:17:17"
"470","218H","HAYAT NAGAR","AP11Z7137","METRO DELUX","04:58:44","1446763637707","2015-11-06 04:17:17"
"1056","218H","HAYAT NAGAR","AP11Z7137","METRO DELUX","04:34:44","1446763638855","2015-11-06 04:17:18"
"877","218H","HAYAT NAGAR","AP11Z7137","METRO DELUX","04:32:44","1446763638858","2015-11-06 04:17:18"
"873","218H","HAYAT NAGAR","AP11Z7137","METRO DELUX","04:24:44","1446763642855","2015-11-06 04:17:22"
"874","218H","HAYAT NAGAR","AP11Z7137","METRO DELUX","04:26:44","1446763642867","2015-11-06 04:17:22"
"875","218H","HAYAT NAGAR","AP11Z7137","METRO DELUX","04:28:44","1446763642870","2015-11-06 04:17:22"
"876","218H","HAYAT NAGAR","AP11Z7137","METRO DELUX","04:30:44","1446763642886","2015-11-06 04:17:22"
"878","218H","HAYAT NAGAR","AP11Z7137","METRO DELUX","04:36:44","1446763642889","2015-11-06 04:17:22"
"879","218H","HAYAT NAGAR","AP11Z7137","METRO DELUX","04:38:44","1446763642900","2015-11-06 04:17:22"
"880","218H","HAYAT NAGAR","AP11Z7137","METRO DELUX","04:40:44","1446763642924","2015-11-06 04:17:22"
"881","218H","HAYAT NAGAR","AP11Z7137","METRO DELUX","04:42:44","1446763642933","2015-11-06 04:17:22"
"882","218H","HAYAT NAGAR","AP11Z7137","METRO DELUX","04:44:44","1446763642938","2015-11-06 04:17:22"
"844","218H","HAYAT NAGAR","AP11Z7137","METRO DELUX","04:21:14","1446763645821","2015-11-06 04:17:25"
"843","218H","HAYAT NAGAR","AP11Z7137","METRO DELUX","04:18:39","1446763645827","2015-11-06 04:17:25"
"841","218H","HAYAT NAGAR","AP11Z7137","METRO DELUX","04:18:14","1446763646709","2015-11-06 04:17:26"
"343","218H","HAYAT NAGAR","AP11Z7137","METRO DELUX","04:46:04","1446763654378","2015-11-06 04:17:34"
"501","218H","HAYAT NAGAR","AP11Z7137","METRO DELUX","04:50:04","1446763654384","2015-11-06 04:17:34"
"345","218H","HAYAT NAGAR","AP11Z7137","METRO DELUX","04:48:04","1446763654387","2015-11-06 04:17:34"
"346","218H","HAYAT NAGAR","AP11Z7137","METRO DELUX","04:52:04","1446763654392","2015-11-06 04:17:34"
"347","218H","HAYAT NAGAR","AP11Z7137","METRO DELUX","04:54:04","1446763654402","2015-11-06 04:17:34"
"469","218H","HAYAT NAGAR","AP11Z7137","METRO DELUX","04:56:04","1446763654458","2015-11-06 04:17:34"
"470","218H","HAYAT NAGAR","AP11Z7137","METRO DELUX","04:58:04","1446763654495","2015-11-06 04:17:34"
"343","218H","HAYAT NAGAR","AP11Z7137","METRO DELUX","04:46:04","1446763656668","2015-11-06 04:17:36"
"345","218H","HAYAT NAGAR","AP11Z7137","METRO DELUX","04:48:04","1446763656685","2015-11-06 04:17:36"
"501","218H","HAYAT NAGAR","AP11Z7137","METRO DELUX","04:50:04","1446763656692","2015-11-06 04:17:36"
"346","218H","HAYAT NAGAR","AP11Z7137","METRO DELUX","04:52:04","1446763656711","2015-11-06 04:17:36"
"347","218H","HAYAT NAGAR","AP11Z7137","METRO DELUX","04:54:04","1446763656713","2015-11-06 04:17:36"
"469","218H","HAYAT NAGAR","AP11Z7137","METRO DELUX","04:56:04","1446763656758","2015-11-06 04:17:36"
"470","218H","HAYAT NAGAR","AP11Z7137","METRO DELUX","04:58:04","1446763656777","2015-11-06 04:17:36"
"877","218H","HAYAT NAGAR","AP11Z7137","METRO DELUX","04:32:04","1446763657948","2015-11-06 04:17:37"
"1056","218H","HAYAT NAGAR","AP11Z7137","METRO DELUX","04:34:04","1446763657951","2015-11-06 04:17:37"
"873","218H","HAYAT NAGAR","AP11Z7137","METRO DELUX","04:24:14","1446763661959","2015-11-06 04:17:41"
"874","218H","HAYAT NAGAR","AP11Z7137","METRO DELUX","04:26:14","1446763661963","2015-11-06 04:17:41"
"875","218H","HAYAT NAGAR","AP11Z7137","METRO DELUX","04:28:14","1446763661968","2015-11-06 04:17:41"
"876","218H","HAYAT NAGAR","AP11Z7137","METRO DELUX","04:30:14","1446763661981","2015-11-06 04:17:41"
"878","218H","HAYAT NAGAR","AP11Z7137","METRO DELUX","04:36:14","1446763662001","2015-11-06 04:17:42"
"879","218H","HAYAT NAGAR","AP11Z7137","METRO DELUX","04:38:14","1446763662005","2015-11-06 04:17:42"
"880","218H","HAYAT NAGAR","AP11Z7137","METRO DELUX","04:40:14","1446763662014","2015-11-06 04:17:42"
"881","218H","HAYAT NAGAR","AP11Z7137","METRO DELUX","04:42:14","1446763662024","2015-11-06 04:17:42"
"882","218H","HAYAT NAGAR","AP11Z7137","METRO DELUX","04:44:14","1446763662040","2015-11-06 04:17:42"
"844","218H","HAYAT NAGAR","AP11Z7137","METRO DELUX","04:20:34","1446763665902","2015-11-06 04:17:45"
"343","218H","HAYAT NAGAR","AP11Z7137","METRO DELUX","04:46:14","1446763674138","2015-11-06 04:17:54"
"345","218H","HAYAT NAGAR","AP11Z7137","METRO DELUX","04:48:14","1446763674208","2015-11-06 04:17:54"
"501","218H","HAYAT NAGAR","AP11Z7137","METRO DELUX","04:50:14","1446763674211","2015-11-06 04:17:54"
"346","218H","HAYAT NAGAR","AP11Z7137","METRO DELUX","04:52:14","1446763674214","2015-11-06 04:17:54"
"347","218H","HAYAT NAGAR","AP11Z7137","METRO DELUX","04:54:14","1446763674219","2015-11-06 04:17:54"
"469","218H","HAYAT NAGAR","AP11Z7137","METRO DELUX","04:56:14","1446763674267","2015-11-06 04:17:54"
"470","218H","HAYAT NAGAR","AP11Z7137","METRO DELUX","04:58:14","1446763674277","2015-11-06 04:17:54"
"471","218H","HAYAT NAGAR","AP11Z7137","METRO DELUX","05:00:14","1446763674296","2015-11-06 04:17:54"
"343","218H","HAYAT NAGAR","AP11Z7137","METRO DELUX","04:46:14","1446763676571","2015-11-06 04:17:56"
"345","218H","HAYAT NAGAR","AP11Z7137","METRO DELUX","04:48:14","1446763676586","2015-11-06 04:17:56"
"501","218H","HAYAT NAGAR","AP11Z7137","METRO DELUX","04:50:14","1446763676602","2015-11-06 04:17:56"
"346","218H","HAYAT NAGAR","AP11Z7137","METRO DELUX","04:52:14","1446763676617","2015-11-06 04:17:56"
"347","218H","HAYAT NAGAR","AP11Z7137","METRO DELUX","04:54:14","1446763676627","2015-11-06 04:17:56"
"470","218H","HAYAT NAGAR","AP11Z7137","METRO DELUX","04:58:14","1446763676684","2015-11-06 04:17:56"
"469","218H","HAYAT NAGAR","AP11Z7137","METRO DELUX","04:56:14","1446763676686","2015-11-06 04:17:56"
"471","218H","HAYAT NAGAR","AP11Z7137","METRO DELUX","05:00:14","1446763676692","2015-11-06 04:17:56"
"877","218H","HAYAT NAGAR","AP11Z7137","METRO DELUX","04:32:14","1446763677884","2015-11-06 04:17:57"
"1056","218H","HAYAT NAGAR","AP11Z7137","METRO DELUX","04:34:14","1446763677889","2015-11-06 04:17:57"
"873","218H","HAYAT NAGAR","AP11Z7137","METRO DELUX","04:24:34","1446763681727","2015-11-06 04:18:01"
"874","218H","HAYAT NAGAR","AP11Z7137","METRO DELUX","04:26:34","1446763681737","2015-11-06 04:18:01"
"876","218H","HAYAT NAGAR","AP11Z7137","METRO DELUX","04:30:34","1446763681744","2015-11-06 04:18:01"
"875","218H","HAYAT NAGAR","AP11Z7137","METRO DELUX","04:28:34","1446763681747","2015-11-06 04:18:01"
"878","218H","HAYAT NAGAR","AP11Z7137","METRO DELUX","04:36:34","1446763681755","2015-11-06 04:18:01"
"879","218H","HAYAT NAGAR","AP11Z7137","METRO DELUX","04:38:34","1446763681775","2015-11-06 04:18:01"
"880","218H","HAYAT NAGAR","AP11Z7137","METRO DELUX","04:40:34","1446763681782","2015-11-06 04:18:01"
"881","218H","HAYAT NAGAR","AP11Z7137","METRO DELUX","04:42:34","1446763681791","2015-11-06 04:18:01"
"882","218H","HAYAT NAGAR","AP11Z7137","METRO DELUX","04:44:34","1446763681797","2015-11-06 04:18:01"
"844","218H","HAYAT NAGAR","AP11Z7137","METRO DELUX","04:20:54","1446763685225","2015-11-06 04:18:05"
"343","218H","HAYAT NAGAR","AP11Z7137","METRO DELUX","04:46:44","1446763696717","2015-11-06 04:18:16"
"345","218H","HAYAT NAGAR","AP11Z7137","METRO DELUX","04:48:44","1446763696736","2015-11-06 04:18:16"
"501","218H","HAYAT NAGAR","AP11Z7137","METRO DELUX","04:50:44","1446763696744","2015-11-06 04:18:16"
"346","218H","HAYAT NAGAR","AP11Z7137","METRO DELUX","04:52:44","1446763696765","2015-11-06 04:18:16"
"347","218H","HAYAT NAGAR","AP11Z7137","METRO DELUX","04:54:44","1446763696770","2015-11-06 04:18:16"
"469","218H","HAYAT NAGAR","AP11Z7137","METRO DELUX","04:56:44","1446763696821","2015-11-06 04:18:16"
"470","218H","HAYAT NAGAR","AP11Z7137","METRO DELUX","04:58:44","1446763696824","2015-11-06 04:18:16"
"471","218H","HAYAT NAGAR","AP11Z7137","METRO DELUX","05:00:44","1446763696829","2015-11-06 04:18:16"
"877","218H","HAYAT NAGAR","AP11Z7137","METRO DELUX","04:32:29","1446763698044","2015-11-06 04:18:18"
"1056","218H","HAYAT NAGAR","AP11Z7137","METRO DELUX","04:34:29","1446763698047","2015-11-06 04:18:18"
"873","218H","HAYAT NAGAR","AP11Z7137","METRO DELUX","04:24:29","1446763701926","2015-11-06 04:18:21"
"874","218H","HAYAT NAGAR","AP11Z7137","METRO DELUX","04:26:29","1446763701939","2015-11-06 04:18:21"
"875","218H","HAYAT NAGAR","AP11Z7137","METRO DELUX","04:28:29","1446763701960","2015-11-06 04:18:21"
"876","218H","HAYAT NAGAR","AP11Z7137","METRO DELUX","04:30:29","1446763701968","2015-11-06 04:18:21"
"879","218H","HAYAT NAGAR","AP11Z7137","METRO DELUX","04:38:29","1446763701976","2015-11-06 04:18:21"
"878","218H","HAYAT NAGAR","AP11Z7137","METRO DELUX","04:36:29","1446763701984","2015-11-06 04:18:21"
"880","218H","HAYAT NAGAR","AP11Z7137","METRO DELUX","04:40:29","1446763701986","2015-11-06 04:18:21"
"881","218H","HAYAT NAGAR","AP11Z7137","METRO DELUX","04:42:29","1446763702009","2015-11-06 04:18:22"
"882","218H","HAYAT NAGAR","AP11Z7137","METRO DELUX","04:44:29","1446763702018","2015-11-06 04:18:22"
"844","218H","HAYAT NAGAR","AP11Z7137","METRO DELUX","04:20:49","1446763704695","2015-11-06 04:18:24"
"343","218H","HAYAT NAGAR","AP11Z7137","METRO DELUX","04:46:29","1446763714003","2015-11-06 04:18:34"
"345","218H","HAYAT NAGAR","AP11Z7137","METRO DELUX","04:48:29","1446763714008","2015-11-06 04:18:34"
"346","218H","HAYAT NAGAR","AP11Z7137","METRO DELUX","04:52:29","1446763714011","2015-11-06 04:18:34"
"501","218H","HAYAT NAGAR","AP11Z7137","METRO DELUX","04:50:29","1446763714014","2015-11-06 04:18:34"
"347","218H","HAYAT NAGAR","AP11Z7137","METRO DELUX","04:54:29","1446763714021","2015-11-06 04:18:34"
"469","218H","HAYAT NAGAR","AP11Z7137","METRO DELUX","04:56:29","1446763714078","2015-11-06 04:18:34"
"470","218H","HAYAT NAGAR","AP11Z7137","METRO DELUX","04:58:29","1446763714104","2015-11-06 04:18:34"
"471","218H","HAYAT NAGAR","AP11Z7137","METRO DELUX","05:00:29","1446763714111","2015-11-06 04:18:34"
"472","218H","HAYAT NAGAR","AP11Z7137","METRO DELUX","05:02:29","1446763714125","2015-11-06 04:18:34"
"343","218H","HAYAT NAGAR","AP11Z7137","METRO DELUX","04:46:29","1446763716536","2015-11-06 04:18:36"
"501","218H","HAYAT NAGAR","AP11Z7137","METRO DELUX","04:50:29","1446763716557","2015-11-06 04:18:36"
"345","218H","HAYAT NAGAR","AP11Z7137","METRO DELUX","04:48:29","1446763716564","2015-11-06 04:18:36"
"347","218H","HAYAT NAGAR","AP11Z7137","METRO DELUX","04:54:29","1446763716582","2015-11-06 04:18:36"
"346","218H","HAYAT NAGAR","AP11Z7137","METRO DELUX","04:52:29","1446763716588","2015-11-06 04:18:36"
"470","218H","HAYAT NAGAR","AP11Z7137","METRO DELUX","04:58:29","1446763716637","2015-11-06 04:18:36"
"469","218H","HAYAT NAGAR","AP11Z7137","METRO DELUX","04:56:29","1446763716640","2015-11-06 04:18:36"
"471","218H","HAYAT NAGAR","AP11Z7137","METRO DELUX","05:00:29","1446763716644","2015-11-06 04:18:36"
"472","218H","HAYAT NAGAR","AP11Z7137","METRO DELUX","05:02:29","1446763716726","2015-11-06 04:18:36"
"877","218H","HAYAT NAGAR","AP11Z7137","METRO DELUX","04:32:29","1446763717740","2015-11-06 04:18:37"
"1056","218H","HAYAT NAGAR","AP11Z7137","METRO DELUX","04:34:29","1446763717754","2015-11-06 04:18:37"
"873","218H","HAYAT NAGAR","AP11Z7137","METRO DELUX","04:24:29","1446763721556","2015-11-06 04:18:41"
"874","218H","HAYAT NAGAR","AP11Z7137","METRO DELUX","04:26:29","1446763721559","2015-11-06 04:18:41"
"875","218H","HAYAT NAGAR","AP11Z7137","METRO DELUX","04:28:29","1446763721580","2015-11-06 04:18:41"
"876","218H","HAYAT NAGAR","AP11Z7137","METRO DELUX","04:30:29","1446763721592","2015-11-06 04:18:41"
"878","218H","HAYAT NAGAR","AP11Z7137","METRO DELUX","04:36:29","1446763721606","2015-11-06 04:18:41"
"879","218H","HAYAT NAGAR","AP11Z7137","METRO DELUX","04:38:29","1446763721609","2015-11-06 04:18:41"
"880","218H","HAYAT NAGAR","AP11Z7137","METRO DELUX","04:40:29","1446763721612","2015-11-06 04:18:41"
"881","218H","HAYAT NAGAR","AP11Z7137","METRO DELUX","04:42:29","1446763721621","2015-11-06 04:18:41"
"882","218H","HAYAT NAGAR","AP11Z7137","METRO DELUX","04:44:29","1446763721640","2015-11-06 04:18:41"
"844","218H","HAYAT NAGAR","AP11Z7137","METRO DELUX","04:20:49","1446763724355","2015-11-06 04:18:44"
"343","218H","HAYAT NAGAR","AP11Z7137","METRO DELUX","04:46:59","1446763732863","2015-11-06 04:18:52"
"345","218H","HAYAT NAGAR","AP11Z7137","METRO DELUX","04:48:59","1446763732867","2015-11-06 04:18:52"
"501","218H","HAYAT NAGAR","AP11Z7137","METRO DELUX","04:50:59","1446763732872","2015-11-06 04:18:52"
"346","218H","HAYAT NAGAR","AP11Z7137","METRO DELUX","04:52:59","1446763732875","2015-11-06 04:18:52"
"347","218H","HAYAT NAGAR","AP11Z7137","METRO DELUX","04:54:59","1446763732919","2015-11-06 04:18:52"
"469","218H","HAYAT NAGAR","AP11Z7137","METRO DELUX","04:56:59","1446763732959","2015-11-06 04:18:52"
"470","218H","HAYAT NAGAR","AP11Z7137","METRO DELUX","04:58:59","1446763732969","2015-11-06 04:18:52"
"471","218H","HAYAT NAGAR","AP11Z7137","METRO DELUX","05:00:59","1446763732975","2015-11-06 04:18:52"
"472","218H","HAYAT NAGAR","AP11Z7137","METRO DELUX","05:02:59","1446763732985","2015-11-06 04:18:52"
"877","218H","HAYAT NAGAR","AP11Z7137","METRO DELUX","04:32:59","1446763734178","2015-11-06 04:18:54"
"1056","218H","HAYAT NAGAR","AP11Z7137","METRO DELUX","04:34:59","1446763734181","2015-11-06 04:18:54"
"343","218H","HAYAT NAGAR","AP11Z7137","METRO DELUX","04:46:59","1446763736696","2015-11-06 04:18:56"
"345","218H","HAYAT NAGAR","AP11Z7137","METRO DELUX","04:48:59","1446763736700","2015-11-06 04:18:56"
"501","218H","HAYAT NAGAR","AP11Z7137","METRO DELUX","04:50:59","1446763736708","2015-11-06 04:18:56"
"346","218H","HAYAT NAGAR","AP11Z7137","METRO DELUX","04:52:59","1446763736725","2015-11-06 04:18:56"
"347","218H","HAYAT NAGAR","AP11Z7137","METRO DELUX","04:54:59","1446763736728","2015-11-06 04:18:56"
"469","218H","HAYAT NAGAR","AP11Z7137","METRO DELUX","04:56:59","1446763736780","2015-11-06 04:18:56"
"470","218H","HAYAT NAGAR","AP11Z7137","METRO DELUX","04:58:59","1446763736795","2015-11-06 04:18:56"
"471","218H","HAYAT NAGAR","AP11Z7137","METRO DELUX","05:00:59","1446763736810","2015-11-06 04:18:56"
"472","218H","HAYAT NAGAR","AP11Z7137","METRO DELUX","05:02:59","1446763736813","2015-11-06 04:18:56"
"877","218H","HAYAT NAGAR","AP11Z7137","METRO DELUX","04:32:59","1446763738026","2015-11-06 04:18:58"
"1056","218H","HAYAT NAGAR","AP11Z7137","METRO DELUX","04:34:59","1446763738076","2015-11-06 04:18:58"
"873","218H","HAYAT NAGAR","AP11Z7137","METRO DELUX","04:25:09","1446763742052","2015-11-06 04:19:02"
"874","218H","HAYAT NAGAR","AP11Z7137","METRO DELUX","04:27:09","1446763742057","2015-11-06 04:19:02"
"876","218H","HAYAT NAGAR","AP11Z7137","METRO DELUX","04:31:09","1446763742084","2015-11-06 04:19:02"
"875","218H","HAYAT NAGAR","AP11Z7137","METRO DELUX","04:29:09","1446763742088","2015-11-06 04:19:02"
"878","218H","HAYAT NAGAR","AP11Z7137","METRO DELUX","04:37:09","1446763742093","2015-11-06 04:19:02"
"879","218H","HAYAT NAGAR","AP11Z7137","METRO DELUX","04:39:09","1446763742097","2015-11-06 04:19:02"
"880","218H","HAYAT NAGAR","AP11Z7137","METRO DELUX","04:41:09","1446763742105","2015-11-06 04:19:02"
"882","218H","HAYAT NAGAR","AP11Z7137","METRO DELUX","04:45:09","1446763742138","2015-11-06 04:19:02"
"881","218H","HAYAT NAGAR","AP11Z7137","METRO DELUX","04:43:09","1446763742140","2015-11-06 04:19:02"
"844","218H","HAYAT NAGAR","AP11Z7137","METRO DELUX","04:21:29","1446763745136","2015-11-06 04:19:05"
"343","218H","HAYAT NAGAR","AP11Z7137","METRO DELUX","04:46:19","1446763754291","2015-11-06 04:19:14"
"345","218H","HAYAT NAGAR","AP11Z7137","METRO DELUX","04:48:19","1446763754296","2015-11-06 04:19:14"
"501","218H","HAYAT NAGAR","AP11Z7137","METRO DELUX","04:50:19","1446763754323","2015-11-06 04:19:14"
"346","218H","HAYAT NAGAR","AP11Z7137","METRO DELUX","04:52:19","1446763754331","2015-11-06 04:19:14"
"347","218H","HAYAT NAGAR","AP11Z7137","METRO DELUX","04:54:19","1446763754341","2015-11-06 04:19:14"
"470","218H","HAYAT NAGAR","AP11Z7137","METRO DELUX","04:58:19","1446763754389","2015-11-06 04:19:14"
"469","218H","HAYAT NAGAR","AP11Z7137","METRO DELUX","04:56:19","1446763754395","2015-11-06 04:19:14"
"472","218H","HAYAT NAGAR","AP11Z7137","METRO DELUX","05:02:19","1446763754431","2015-11-06 04:19:14"
"471","218H","HAYAT NAGAR","AP11Z7137","METRO DELUX","05:00:19","1446763754435","2015-11-06 04:19:14"
"343","218H","HAYAT NAGAR","AP11Z7137","METRO DELUX","04:46:19","1446763757700","2015-11-06 04:19:17"
"345","218H","HAYAT NAGAR","AP11Z7137","METRO DELUX","04:48:19","1446763757878","2015-11-06 04:19:17"
"501","218H","HAYAT NAGAR","AP11Z7137","METRO DELUX","04:50:19","1446763757891","2015-11-06 04:19:17"
"346","218H","HAYAT NAGAR","AP11Z7137","METRO DELUX","04:52:19","1446763757894","2015-11-06 04:19:17"
"347","218H","HAYAT NAGAR","AP11Z7137","METRO DELUX","04:54:19","1446763757895","2015-11-06 04:19:17"
"469","218H","HAYAT NAGAR","AP11Z7137","METRO DELUX","04:56:19","1446763757946","2015-11-06 04:19:17"
"470","218H","HAYAT NAGAR","AP11Z7137","METRO DELUX","04:58:19","1446763757950","2015-11-06 04:19:17"
"471","218H","HAYAT NAGAR","AP11Z7137","METRO DELUX","05:00:19","1446763757992","2015-11-06 04:19:17"
"472","218H","HAYAT NAGAR","AP11Z7137","METRO DELUX","05:02:19","1446763758003","2015-11-06 04:19:18"
"877","218H","HAYAT NAGAR","AP11Z7137","METRO DELUX","04:32:29","1446763759186","2015-11-06 04:19:19"
"1056","218H","HAYAT NAGAR","AP11Z7137","METRO DELUX","04:34:29","1446763759202","2015-11-06 04:19:19"
"873","218H","HAYAT NAGAR","AP11Z7137","METRO DELUX","04:24:29","1446763763552","2015-11-06 04:19:23"
"874","218H","HAYAT NAGAR","AP11Z7137","METRO DELUX","04:26:29","1446763763590","2015-11-06 04:19:23"
"875","218H","HAYAT NAGAR","AP11Z7137","METRO DELUX","04:28:29","1446763763593","2015-11-06 04:19:23"
"879","218H","HAYAT NAGAR","AP11Z7137","METRO DELUX","04:38:29","1446763763596","2015-11-06 04:19:23"
"876","218H","HAYAT NAGAR","AP11Z7137","METRO DELUX","04:30:29","1446763763599","2015-11-06 04:19:23"
"878","218H","HAYAT NAGAR","AP11Z7137","METRO DELUX","04:36:29","1446763763602","2015-11-06 04:19:23"
"882","218H","HAYAT NAGAR","AP11Z7137","METRO DELUX","04:44:29","1446763763649","2015-11-06 04:19:23"
"880","218H","HAYAT NAGAR","AP11Z7137","METRO DELUX","04:40:29","1446763763652","2015-11-06 04:19:23"
"881","218H","HAYAT NAGAR","AP11Z7137","METRO DELUX","04:42:29","1446763763656","2015-11-06 04:19:23"
"844","218H","HAYAT NAGAR","AP11Z7137","METRO DELUX","04:20:49","1446763766664","2015-11-06 04:19:26"
"343","218H","HAYAT NAGAR","AP11Z7137","METRO DELUX","04:46:39","1446763777804","2015-11-06 04:19:37"
"345","218H","HAYAT NAGAR","AP11Z7137","METRO DELUX","04:48:39","1446763777812","2015-11-06 04:19:37"
"501","218H","HAYAT NAGAR","AP11Z7137","METRO DELUX","04:50:39","1446763777820","2015-11-06 04:19:37"
"346","218H","HAYAT NAGAR","AP11Z7137","METRO DELUX","04:52:39","1446763777837","2015-11-06 04:19:37"
"347","218H","HAYAT NAGAR","AP11Z7137","METRO DELUX","04:54:39","1446763777842","2015-11-06 04:19:37"
"469","218H","HAYAT NAGAR","AP11Z7137","METRO DELUX","04:56:39","1446763777898","2015-11-06 04:19:37"
"470","218H","HAYAT NAGAR","AP11Z7137","METRO DELUX","04:58:39","1446763777904","2015-11-06 04:19:37"
"471","218H","HAYAT NAGAR","AP11Z7137","METRO DELUX","05:00:39","1446763777925","2015-11-06 04:19:37"
"472","218H","HAYAT NAGAR","AP11Z7137","METRO DELUX","05:02:39","1446763777928","2015-11-06 04:19:37"
"877","218H","HAYAT NAGAR","AP11Z7137","METRO DELUX","04:32:39","1446763779133","2015-11-06 04:19:39"
"1056","218H","HAYAT NAGAR","AP11Z7137","METRO DELUX","04:34:39","1446763779171","2015-11-06 04:19:39"
"873","218H","HAYAT NAGAR","AP11Z7137","METRO DELUX","04:24:39","1446763783319","2015-11-06 04:19:43"
"875","218H","HAYAT NAGAR","AP11Z7137","METRO DELUX","04:28:39","1446763783324","2015-11-06 04:19:43"
"874","218H","HAYAT NAGAR","AP11Z7137","METRO DELUX","04:26:39","1446763783326","2015-11-06 04:19:43"
"876","218H","HAYAT NAGAR","AP11Z7137","METRO DELUX","04:30:39","1446763783329","2015-11-06 04:19:43"
"878","218H","HAYAT NAGAR","AP11Z7137","METRO DELUX","04:36:39","1446763783349","2015-11-06 04:19:43"
"879","218H","HAYAT NAGAR","AP11Z7137","METRO DELUX","04:38:39","1446763783367","2015-11-06 04:19:43"
"880","218H","HAYAT NAGAR","AP11Z7137","METRO DELUX","04:40:39","1446763783381","2015-11-06 04:19:43"
"881","218H","HAYAT NAGAR","AP11Z7137","METRO DELUX","04:42:39","1446763783384","2015-11-06 04:19:43"
"882","218H","HAYAT NAGAR","AP11Z7137","METRO DELUX","04:44:39","1446763783387","2015-11-06 04:19:43"
"844","218H","HAYAT NAGAR","AP11Z7137","METRO DELUX","04:21:09","1446763786169","2015-11-06 04:19:46"
"343","218H","HAYAT NAGAR","AP11Z7137","METRO DELUX","04:46:59","1446763794977","2015-11-06 04:19:54"
"501","218H","HAYAT NAGAR","AP11Z7137","METRO DELUX","04:50:59","1446763795002","2015-11-06 04:19:55"
"345","218H","HAYAT NAGAR","AP11Z7137","METRO DELUX","04:48:59","1446763795006","2015-11-06 04:19:55"
"346","218H","HAYAT NAGAR","AP11Z7137","METRO DELUX","04:52:59","1446763795009","2015-11-06 04:19:55"
"347","218H","HAYAT NAGAR","AP11Z7137","METRO DELUX","04:54:59","1446763795013","2015-11-06 04:19:55"
"469","218H","HAYAT NAGAR","AP11Z7137","METRO DELUX","04:56:59","1446763795056","2015-11-06 04:19:55"
"470","218H","HAYAT NAGAR","AP11Z7137","METRO DELUX","04:58:59","1446763795067","2015-11-06 04:19:55"
"471","218H","HAYAT NAGAR","AP11Z7137","METRO DELUX","05:00:59","1446763795098","2015-11-06 04:19:55"
"343","218H","HAYAT NAGAR","AP11Z7137","METRO DELUX","04:46:59","1446763796891","2015-11-06 04:19:56"
"345","218H","HAYAT NAGAR","AP11Z7137","METRO DELUX","04:48:59","1446763796896","2015-11-06 04:19:56"
"501","218H","HAYAT NAGAR","AP11Z7137","METRO DELUX","04:50:59","1446763796904","2015-11-06 04:19:56"
"346","218H","HAYAT NAGAR","AP11Z7137","METRO DELUX","04:52:59","1446763796905","2015-11-06 04:19:56"
"347","218H","HAYAT NAGAR","AP11Z7137","METRO DELUX","04:54:59","1446763796926","2015-11-06 04:19:56"
"469","218H","HAYAT NAGAR","AP11Z7137","METRO DELUX","04:56:59","1446763797026","2015-11-06 04:19:57"
"471","218H","HAYAT NAGAR","AP11Z7137","METRO DELUX","05:00:59","1446763797064","2015-11-06 04:19:57"
"470","218H","HAYAT NAGAR","AP11Z7137","METRO DELUX","04:58:59","1446763797066","2015-11-06 04:19:57"
"472","218H","HAYAT NAGAR","AP11Z7137","METRO DELUX","05:02:59","1446763797069","2015-11-06 04:19:57"
"877","218H","HAYAT NAGAR","AP11Z7137","METRO DELUX","04:32:59","1446763798294","2015-11-06 04:19:58"
"1056","218H","HAYAT NAGAR","AP11Z7137","METRO DELUX","04:34:59","1446763798393","2015-11-06 04:19:58"
"874","218H","HAYAT NAGAR","AP11Z7137","METRO DELUX","04:27:09","1446763802557","2015-11-06 04:20:02"
"875","218H","HAYAT NAGAR","AP11Z7137","METRO DELUX","04:29:09","1446763802560","2015-11-06 04:20:02"
"873","218H","HAYAT NAGAR","AP11Z7137","METRO DELUX","04:25:09","1446763802563","2015-11-06 04:20:02"
"876","218H","HAYAT NAGAR","AP11Z7137","METRO DELUX","04:31:09","1446763802566","2015-11-06 04:20:02"
"878","218H","HAYAT NAGAR","AP11Z7137","METRO DELUX","04:37:09","1446763802580","2015-11-06 04:20:02"
"879","218H","HAYAT NAGAR","AP11Z7137","METRO DELUX","04:39:09","1446763802612","2015-11-06 04:20:02"
"880","218H","HAYAT NAGAR","AP11Z7137","METRO DELUX","04:41:09","1446763802616","2015-11-06 04:20:02"
"881","218H","HAYAT NAGAR","AP11Z7137","METRO DELUX","04:43:09","1446763802619","2015-11-06 04:20:02"
"882","218H","HAYAT NAGAR","AP11Z7137","METRO DELUX","04:45:09","1446763802622","2015-11-06 04:20:02"
"844","218H","HAYAT NAGAR","AP11Z7137","METRO DELUX","04:21:29","1446763805843","2015-11-06 04:20:05"
"343","218H","HAYAT NAGAR","AP11Z7137","METRO DELUX","04:47:19","1446763813586","2015-11-06 04:20:13"
"345","218H","HAYAT NAGAR","AP11Z7137","METRO DELUX","04:49:19","1446763813610","2015-11-06 04:20:13"
"501","218H","HAYAT NAGAR","AP11Z7137","METRO DELUX","04:51:19","1446763813627","2015-11-06 04:20:13"